DATE,DS (DOBSON),
1/2/2015,243.1,
1/7/2015,242.1,
1/19/2015,246.7,
1/27/2015,244.1,
1/28/2015,237.3,
2/2/2015,247.3,
2/4/2015,234.6,
2/9/2015,264.5,
2/11/2015,259.1,
2/12/2015,256.5,
2/17/2015,270.3,
2/19/2015,251.8,
2/20/2015,256.8,
2/26/2015,262,
2/27/2015,265,
3/2/2015,253.4,
3/3/2015,243.3,
3/4/2015,242.5,
3/5/2015,247.9,
3/6/2015,252,
3/9/2015,267.8,
3/10/2015,248.3,
3/11/2015,248.6,
3/12/2015,274.9,
3/13/2015,272.9,
3/16/2015,259.8,
3/17/2015,260.9,
3/18/2015,246.1,
3/19/2015,276.9,
3/20/2015,246.8,
3/27/2015,248.6,
5/14/2015,252.3,
5/15/2015,252.7,
5/20/2015,268.6,
5/22/2015,267.2,
5/25/2015,261.3,
5/27/2015,262.9,
5/29/2015,256.5,
6/2/2015,256.8,
6/3/2015,270.1,
6/4/2015,276.8,
6/15/2015,267.3,
6/16/2015,272.5,
6/17/2015,267.3,
6/25/2015,247.5,
7/13/2015,262,
7/16/2015,282.3,
7/17/2015,279,
7/20/2015,263.6,
7/27/2015,288.5,
7/31/2015,283.6,
8/4/2015,267.8,
8/5/2015,273.4,
8/10/2015,294.9,
8/12/2015,275,
8/13/2015,282.5,
8/14/2015,272.9,
8/19/2015,268.1,
8/24/2015,297.2,
8/25/2015,282.1,
8/26/2015,272.9,
8/27/2015,263.6,
8/28/2015,272.7,
9/1/2015,275,
9/2/2015,278.4,
9/8/2015,288.1,
9/9/2015,286.1,
9/10/2015,279.9,
9/11/2015,282.8,
9/14/2015,275.2,
9/15/2015,276.1,
9/16/2015,268.3,
9/17/2015,271.3,
9/18/2015,270.2,
9/21/2015,296.7,
9/22/2015,287.8,
9/23/2015,275.7,
9/24/2015,272.9,
9/25/2015,275.8,
9/28/2015,278.7,
9/29/2015,277.7,
9/30/2015,284.9,
10/1/2015,278.9,
10/2/2015,323.3,
10/5/2015,272.7,
10/6/2015,274,
10/9/2015,271.6,
10/12/2015,267,
10/13/2015,263.4,
10/14/2015,275,
10/15/2015,271.8,
10/16/2015,276,
10/19/2015,256.2,
10/21/2015,272.7,
10/22/2015,257.2,
10/26/2015,281.4,
10/27/2015,278.9,
10/28/2015,262.8,
10/30/2015,258,
11/2/2015,273.2,
11/4/2015,278.8,
11/6/2015,245,
11/10/2015,252,
11/11/2015,246.8,
11/12/2015,259.4,
11/13/2015,285.1,
11/16/2015,272.6,
11/18/2015,284.6,
11/19/2015,246.3,
11/20/2015,251.8,
11/23/2015,268.2,
11/24/2015,258.1,
11/27/2015,255.1,
11/30/2015,244.6,
12/1/2015,235.7,
12/2/2015,263.4,
12/3/2015,248.9,
12/4/2015,265.7,
12/8/2015,259.2,
12/9/2015,261.2,
12/10/2015,254.5,
12/11/2015,262.9,
12/17/2015,246.7,
12/21/2015,248.3,
12/22/2015,246.3,
12/23/2015,281.1,
12/24/2015,255.5,
12/25/2015,286.8,
12/26/2015,294.3,
12/28/2015,285.7,
12/29/2015,247.8,
12/30/2015,258.2,
12/31/2015,294.7,
1/1/2016,287,
1/2/2016,287.7,
1/3/2016,298.2,
1/4/2016,239.9,
1/5/2016,254.5,
1/6/2016,252.8,
1/7/2016,249,
1/8/2016,251,
1/9/2016,259.4,
1/11/2016,246,
1/12/2016,238.8,
1/13/2016,251,
1/14/2016,250.5,
1/15/2016,251,
1/18/2016,254.3,
1/22/2016,276.3,
1/25/2016,256.8,
1/26/2016,258.8,
1/27/2016,258.9,
1/28/2016,259.4,
1/29/2016,251.5,
2/1/2016,256.8,
2/2/2016,253.7,
2/3/2016,235.5,
2/4/2016,255.3,
2/5/2016,251.4,
2/8/2016,236.9,
2/10/2016,244.1,
2/11/2016,230.4,
2/12/2016,259.3,
2/15/2016,252.8,
2/16/2016,257.2,
2/17/2016,258,
2/18/2016,262.3,
2/19/2016,265.3,
2/22/2016,271.1,
2/23/2016,269.2,
2/24/2016,250.4,
2/25/2016,266.7,
2/26/2016,270.2,
2/29/2016,250.7,
3/1/2016,265.5,
3/2/2016,253.9,
3/3/2016,269.9,
3/4/2016,272.1,
3/11/2016,244.6,
3/14/2016,256.5,
3/15/2016,260.7,
3/16/2016,266.4,
3/17/2016,249.3,
3/18/2016,246.6,
3/21/2016,249.9,
3/22/2016,221.5,
3/23/2016,263.8,
3/24/2016,253.5,
3/29/2016,254.1,
3/30/2016,258.6,
3/31/2016,280.2,
4/1/2016,245.7,
4/6/2016,269,
4/7/2016,247.9,
4/8/2016,254.5,
4/11/2016,257.9,
4/12/2016,259.9,
4/13/2016,248.9,
4/14/2016,259.1,
4/15/2016,266,
4/18/2016,255.8,
4/19/2016,258.3,
4/22/2016,257.8,
4/25/2016,224.1,
4/26/2016,265.3,
4/27/2016,263.6,
4/28/2016,256.8,
4/29/2016,262.4,
5/2/2016,251.9,
5/3/2016,254.2,
5/4/2016,258.8,
5/9/2016,251.8,
5/10/2016,282.4,
5/11/2016,250.9,
5/12/2016,252.1,
5/13/2016,258.2,
5/16/2016,259.3,
5/17/2016,257.1,
5/20/2016,254.3,
5/23/2016,254.5,
5/24/2016,264.6,
5/26/2016,271,
5/30/2016,260.2,
5/31/2016,266.4,
6/2/2016,267.9,
6/3/2016,261.9,
6/6/2016,259.4,
6/7/2016,263.4,
6/8/2016,260.3,
6/9/2016,259,
6/13/2016,260.7,
6/14/2016,256.3,
6/15/2016,261.4,
6/27/2016,261.8,
6/28/2016,248,
6/29/2016,260.1,
6/30/2016,254.2,
7/1/2016,269.8,
7/4/2016,259.8,
7/5/2016,262.1,
7/8/2016,255.9,
7/18/2016,260.7,
7/19/2016,260.8,
7/20/2016,228.3,
7/21/2016,258.7,
7/22/2016,263.9,
7/25/2016,271.7,
7/26/2016,270.1,
7/27/2016,274,
8/1/2016,265.7,
8/2/2016,263.4,
8/9/2016,274.9,
8/16/2016,266.9,
8/17/2016,269.6,
8/18/2016,274.2,
8/22/2016,292.7,
8/23/2016,274.6,
8/25/2016,272.7,
9/8/2016,264.8,
9/9/2016,275.4,
9/14/2016,269.7,
9/15/2016,266.5,
9/19/2016,268.4,
9/20/2016,261.4,
9/27/2016,272.7,
9/28/2016,266.2,
9/29/2016,274.7,
10/3/2016,265.3,
10/5/2016,274.9,
10/6/2016,288.8,
10/10/2016,279.5,
10/12/2016,269.6,
10/13/2016,290.1,
10/14/2016,275.1,
10/18/2016,264.1,
10/19/2016,264.1,
10/21/2016,275.6,
10/24/2016,277.5,
10/26/2016,273.5,
11/1/2016,262.2,
11/3/2016,263.6,
11/4/2016,253.6,
11/7/2016,246.8,
11/9/2016,243.8,
11/14/2016,251,
11/22/2016,265.3,
11/24/2016,253.6,
11/28/2016,259.1,
11/29/2016,255.8,
11/30/2016,257.1,
12/1/2016,260.1,
12/2/2016,252.4,
12/5/2016,256.2,
12/6/2016,258.2,
12/7/2016,255.6,
12/8/2016,256.5,
12/9/2016,252.4,
12/13/2016,262.5,
12/14/2016,256.4,
12/15/2016,260.1,
12/20/2016,263.8,
1/3/2017,290.8,
1/4/2017,248.7,
1/5/2017,249.7,
1/10/2017,247.8,
1/11/2017,247.7,
1/12/2017,244.5,
1/13/2017,245.1,
1/16/2017,236.9,
1/17/2017,268.5,
1/18/2017,247.6,
1/19/2017,255.9,
1/20/2017,251.7,
1/23/2017,247.4,
1/24/2017,254.3,
1/25/2017,252,
1/26/2017,247.3,
1/27/2017,248.5,
1/30/2017,248.6,
2/1/2017,246.6,
2/3/2017,245.5,
2/6/2017,251.9,
2/7/2017,248.8,
2/8/2017,255.4,
2/9/2017,223.6,
2/10/2017,257.6,
2/13/2017,254.5,
2/15/2017,256.9,
2/16/2017,247.4,
2/17/2017,252.3,
2/22/2017,267.7,
2/27/2017,256.8,
2/28/2017,252.7,
3/1/2017,250.8,
3/2/2017,282.5,
3/3/2017,244.7,
3/6/2017,234,
3/7/2017,246.4,
3/8/2017,250.5,
3/9/2017,254.1,
3/10/2017,254.4,
3/13/2017,251.6,
3/21/2017,251.8,
3/22/2017,254.7,
5/2/2017,251.2,
5/4/2017,262.4,
5/16/2017,305.2,
5/18/2017,249.3,
5/22/2017,243.4,
5/26/2017,251.1,
6/7/2017,251.1,
6/8/2017,250,
6/12/2017,252.3,
6/13/2017,253.3,
6/19/2017,247.8,
6/27/2017,251.7,
7/3/2017,271.5,
7/5/2017,252.4,
7/7/2017,260.8,
7/10/2017,262.8,
7/11/2017,252.2,
7/12/2017,246.4,
7/13/2017,253.2,
7/17/2017,251.1,
7/18/2017,247.7,
7/19/2017,253.1,
7/26/2017,258.1,
8/1/2017,246.9,
8/10/2017,271.9,
8/16/2017,349.1,
8/17/2017,260.1,
8/18/2017,263,
8/25/2017,243.1,
8/31/2017,248.4,
9/1/2017,263.1,
9/6/2017,240.9,
9/26/2017,248.8,
9/27/2017,248.7,
9/28/2017,257.9,
10/2/2017,261.9,
10/3/2017,266.1,
10/4/2017,260.2,
10/5/2017,251.7,
10/6/2017,251.7,
10/9/2017,260.2,
10/10/2017,262.2,
10/11/2017,268.4,
10/12/2017,260.9,
10/13/2017,262.4,
10/16/2017,250.3,
10/17/2017,250.5,
10/18/2017,254,
10/19/2017,232.3,
10/24/2017,250.9,
10/27/2017,248.6,
10/31/2017,242.9,
11/1/2017,216.7,
11/8/2017,247.5,
11/9/2017,251.1,
11/13/2017,227.1,
11/15/2017,266.7,
11/16/2017,249.5,
11/17/2017,243.4,
11/22/2017,250.2,
11/23/2017,256.6,
11/24/2017,294.3,
11/27/2017,244.4,
11/29/2017,243.1,
12/1/2017,238.2,
12/4/2017,233.8,
12/5/2017,268.3,
12/6/2017,288.6,
12/7/2017,250.2,
12/11/2017,283.6,
12/13/2017,234.3,
12/14/2017,265.3,
12/15/2017,245,
12/18/2017,241.4,
12/20/2017,237.7,
12/21/2017,238.2,
12/22/2017,239.2,
12/27/2017,239.3,
12/28/2017,240.8,
12/29/2017,233.4,
1/2/2018,236.3,
1/5/2018,236.5,
1/8/2018,240.7,
1/9/2018,227.3,
1/10/2018,216.3,
1/11/2018,267.8,
1/12/2018,233.7,
1/15/2018,265,
1/16/2018,235.4,
1/17/2018,220.7,
1/18/2018,218.2,
1/19/2018,231.4,
1/22/2018,222.7,
1/23/2018,225.4,
1/24/2018,281.7,
1/25/2018,239.1,
1/29/2018,238.2,
1/30/2018,251.1,
1/31/2018,238.2,
2/1/2018,232,
2/2/2018,228.1,
2/5/2018,241.3,
2/6/2018,238.5,
2/7/2018,229.3,
2/8/2018,226.7,
2/9/2018,244.2,
2/13/2018,230.8,
2/14/2018,230,
2/15/2018,252.7,
2/16/2018,228.1,
2/19/2018,228.4,
2/20/2018,233.4,
2/21/2018,194.6,
2/22/2018,234.2,
2/23/2018,228.6,
2/26/2018,233.7,
2/27/2018,241.4,
2/28/2018,237.8,
3/1/2018,234.2,
3/7/2018,238.7,
3/8/2018,233.8,
3/9/2018,222.4,
3/14/2018,237,
3/21/2018,187.2,
3/22/2018,238.6,
3/27/2018,255.1,
3/28/2018,251.5,
4/10/2018,234.8,
4/12/2018,236.9,
4/14/2018,247.5,
5/16/2018,229.8,
5/18/2018,227.8,
5/25/2018,236.1,
5/28/2018,242.9,
5/29/2018,241.5,
5/30/2018,244.1,
5/31/2018,250.2,
6/4/2018,245.7,
6/11/2018,245.4,
6/12/2018,240.8,
6/13/2018,234.6,
6/20/2018,249.1,
6/22/2018,244,
6/27/2018,249.4,
6/28/2018,232.7,
7/17/2018,251.1,
7/27/2018,249.4,
8/1/2018,250,
8/2/2018,256.4,
8/3/2018,246.2,
8/6/2018,253.6,
8/7/2018,265.1,
8/9/2018,250.7,
8/14/2018,257.6,
8/22/2018,274.5,
8/27/2018,282.2,
9/10/2018,263.7,
9/11/2018,292.9,
9/12/2018,222.1,
9/13/2018,269.1,
9/14/2018,284.3,
9/17/2018,276.8,
9/18/2018,266.4,
9/19/2018,284.4,
9/20/2018,272.5,
9/21/2018,279.6,
9/24/2018,284.4,
9/25/2018,266.7,
9/26/2018,283.3,
10/1/2018,263.9,
10/2/2018,254.7,
10/3/2018,252.9,
10/4/2018,279,
10/5/2018,276.6,
10/8/2018,303.9,
10/11/2018,291.1,
10/12/2018,234.7,
10/15/2018,281.1,
10/16/2018,261.9,
10/17/2018,259.3,
10/18/2018,270.1,
10/19/2018,271.8,
10/22/2018,272.3,
10/31/2018,271.3,
11/1/2018,268.7,
11/2/2018,264.1,
11/5/2018,256.3,
11/6/2018,259.6,
11/7/2018,262.4,
11/8/2018,238.2,
11/9/2018,243.2,
11/12/2018,263.5,
11/13/2018,254.7,
11/14/2018,259.8,
11/15/2018,262.3,
11/16/2018,259.1,
11/19/2018,253.7,
11/20/2018,249.1,
11/22/2018,249.8,
11/23/2018,255.7,
11/26/2018,254.8,
11/27/2018,253.1,
12/5/2018,249,
12/6/2018,252.6,
12/7/2018,255.5,
12/13/2018,240.5,
12/14/2018,237.6,
12/17/2018,252.4,
12/18/2018,245.3,
1/2/2019,246.1,
1/3/2019,242.8,
1/7/2019,247.8,
1/8/2019,244.7,
1/9/2019,246,
1/10/2019,248.2,
1/11/2019,257.1,
1/14/2019,244.9,
1/15/2019,238.5,
1/17/2019,246,
1/21/2019,246.9,
1/22/2019,247.8,
1/23/2019,250.9,
1/24/2019,251,
1/25/2019,251,
1/28/2019,253.7,
1/29/2019,251.5,
1/30/2019,250.2,
1/31/2019,252.2,
2/1/2019,253.5,
2/2/2019,250.6,
2/4/2019,261.1,
2/5/2019,250.7,
2/6/2019,282.8,
2/7/2019,251.4,
2/8/2019,245.1,
2/11/2019,251.9,
2/12/2019,251.8,
2/13/2019,250.7,
2/14/2019,253,
2/15/2019,256.1,
2/18/2019,256.9,
2/19/2019,255.1,
2/20/2019,251.5,
2/21/2019,230.6,
2/25/2019,253.7,
2/26/2019,254,
2/27/2019,249,
2/28/2019,257.9,
3/1/2019,257.9,
3/4/2019,254.4,
3/5/2019,254.4,
3/6/2019,253.3,
3/7/2019,259.6,
3/8/2019,258.3,
3/11/2019,254.9,
3/12/2019,272.5,
3/14/2019,250.2,
3/15/2019,258.5,
3/18/2019,254,
3/19/2019,254.1,
3/20/2019,257.8,
3/21/2019,261.4,
3/22/2019,269.6,
3/25/2019,260.1,
3/26/2019,263.7,
3/27/2019,260.5,
3/28/2019,267.9,
3/29/2019,266.3,
4/1/2019,272.4,
4/2/2019,267.2,
4/3/2019,272.2,
4/8/2019,275.1,
4/9/2019,265.7,
4/10/2019,268.5,
4/11/2019,260.3,
4/12/2019,276.8,
4/15/2019,274.4,
4/16/2019,275.7,
4/17/2019,267.8,
6/12/2019,254,
7/9/2019,277.6,
7/11/2019,266.3,
7/12/2019,257.2,
7/15/2019,249.8,
7/18/2019,255.8,
7/22/2019,259.2,
7/23/2019,306.7,
7/25/2019,276.3,
8/5/2019,297.3,
8/6/2019,297.1,
8/8/2019,308.2,
8/14/2019,397.6,
8/26/2019,279.6,
8/27/2019,297.5,
8/28/2019,326.5,
9/2/2019,300.1,
9/3/2019,308,
10/12/2019,246.1,
10/17/2019,206.3,
10/18/2019,208.7,
1/6/2020,247.1,
1/13/2020,277.2,
1/14/2020,244.8,
1/15/2020,241.4,
1/16/2020,252.6,
1/17/2020,247,
1/20/2020,253.8,
1/21/2020,239.9,249.9
1/22/2020,243,
1/23/2020,247.7,254.7
1/24/2020,259.4,
1/27/2020,249.5,
1/28/2020,238.7,
1/29/2020,237.2,233.6
1/30/2020,236.2,
1/31/2020,235.8,
2/3/2020,226.9,
2/5/2020,242,
2/6/2020,242.1,
2/7/2020,245.2,
2/10/2020,239.2,
2/12/2020,247.3,
2/13/2020,241.8,
2/14/2020,236.2,
2/17/2020,248.3,
2/18/2020,243.1,
2/19/2020,274.4,
2/20/2020,249.8,
2/21/2020,246.7,
2/24/2020,248.8,
2/25/2020,249.8,
2/26/2020,238.1,
2/27/2020,237.8,
2/28/2020,241.7,
3/2/2020,255.1,
3/3/2020,255.1,
3/4/2020,257.6,
3/5/2020,251.7,253.3
3/6/2020,260.5,
3/9/2020,256.7,261
3/10/2020,259,263.9
3/11/2020,256.1,
3/12/2020,254.6,
3/13/2020,243.8,
3/16/2020,255.2,
3/17/2020,244.7,
3/18/2020,257,253.8
3/19/2020,254.4,
3/20/2020,248.1,256.4
3/23/2020,243.9,
3/24/2020,238.8,
3/25/2020,238.2,
3/26/2020,251.9,
3/27/2020,246.3,255.3
3/30/2020,257.2,
3/31/2020,244,
4/1/2020,249,
4/2/2020,249.6,
4/3/2020,255.4,
5/5/2020,242.7,
5/6/2020,242.3,
5/7/2020,249.1,238.6
5/8/2020,244.1,241.7
5/11/2020,236.4,
5/12/2020,242.2,
5/13/2020,246.5,237.4
5/14/2020,241.8,
5/15/2020,235.6,
5/18/2020,248.6,
5/19/2020,266.6,
5/20/2020,251.5,250.2
5/21/2020,257.4,250.5
5/22/2020,256,251.4
5/25/2020,245.2,
5/26/2020,258.6,255.7
5/27/2020,257.2,253.3
5/28/2020,255.1,
5/29/2020,266.5,
6/2/2020,253.3,
6/3/2020,250.1,
6/4/2020,248.6,
6/5/2020,245.4,
6/8/2020,249.9,
6/9/2020,256.3,
6/10/2020,255.6,
6/11/2020,254.2,
6/12/2020,255.9,
6/17/2020,254.4,
6/18/2020,249.4,
12/1/2021,250.5,
12/3/2021,249.4,
7/1/2022,210.8,
7/4/2022,276.8,256.6
7/5/2022,268.7,235.5
7/6/2022,264.6,
7/7/2022,269.4,252.2
7/8/2022,176.6,
7/11/2022,258.1,
7/13/2022,282.7,
7/14/2022,269,235.4
7/15/2022,207.1,
7/18/2022,255.6,
7/19/2022,274.2,257.8
7/20/2022,269.9,
7/21/2022,254.5,
7/22/2022,224.6,
7/25/2022,266.5,
7/26/2022,259.7,
7/27/2022,271.9,243.7
7/28/2022,217.9,
7/29/2022,261.5,
8/1/2022,230.1,
8/2/2022,255.9,
8/3/2022,253.9,
8/4/2022,256.4,
8/5/2022,246.8,
8/6/2022,255.4,
8/8/2022,255.7,
8/10/2022,253.9,241.6
8/11/2022,253.7,
8/12/2022,285.4,262.6
8/15/2022,257,
8/16/2022,284.3,238.8
8/17/2022,249.9,
8/18/2022,275.3,
8/19/2022,279.4,
8/22/2022,259.8,
8/23/2022,253.9,
8/24/2022,223.1,257.5
8/25/2022,256.2,
8/26/2022,274.1,214.2
8/29/2022,269,257.5
8/30/2022,281.6,220.8
8/31/2022,256.4,
9/14/2022,257.9,
9/15/2022,257.1,
9/16/2022,273.2,257.8
9/19/2022,273.4,
9/20/2022,269.7,
9/21/2022,273.7,212.5
9/22/2022,268,245.5
9/23/2022,272.5,256.8
9/26/2022,268.2,240
9/27/2022,292.2,
9/28/2022,274.4,
9/29/2022,286.9,
9/30/2022,276.1,257.8
10/3/2022,301.8,
10/4/2022,280.9,236.1
10/5/2022,284.1,257.5
10/6/2022,284,263.6
10/7/2022,296.5,
10/11/2022,290.5,225.8
10/12/2022,287.1,
10/13/2022,311.8,
10/14/2022,290.8,
10/17/2022,281.3,
10/18/2022,292.1,217.7
10/19/2022,292.4,229.5
10/21/2022,310.5,
10/24/2022,279.7,
10/25/2022,290.7,
10/26/2022,287,
10/27/2022,268.8,257.7
10/28/2022,276.5,261.6
10/31/2022,255.7,
11/1/2022,255.7,
11/2/2022,264.2,259.9
11/3/2022,258,
11/4/2022,260.8,252.6
11/7/2022,275.2,259.6
11/9/2022,262.4,
11/11/2022,274.2,258.4
11/14/2022,256.5,
11/15/2022,252.3,
11/16/2022,256.1,
11/17/2022,272.5,
11/21/2022,272.5,
11/22/2022,258.4,
11/23/2022,266.6,258.5
11/24/2022,253.6,
11/25/2022,266.2,254.7
11/28/2022,249.3,
11/29/2022,268.7,
11/30/2022,276,
12/1/2022,314.2,
12/2/2022,263.6,
12/5/2022,263.4,
12/6/2022,283.9,
12/7/2022,277,258.3
12/8/2022,262.6,276
12/9/2022,270,
12/13/2022,267.3,259.4
12/14/2022,264.9,
12/15/2022,262.9,
12/16/2022,269.5,
12/19/2022,267.1,
12/20/2022,267.5,
12/21/2022,271.4,
12/22/2022,281.5,266
12/23/2022,269.8,264.9
12/27/2022,264.6,
12/28/2022,258,251.2
12/29/2022,265.1,265.2
12/30/2022,266.7,261.2
1/4/2023,262.5,266
1/5/2023,266.6,286.2
1/9/2023,262.7,257.8
1/17/2023,247.6,244.3
1/23/2023,251.3,241.9
1/24/2023,246.8,244.1
1/25/2023,249.7,
1/26/2023,248.4,
1/27/2023,249.3,
1/30/2023,257.2,
1/31/2023,250.2,
2/1/2023,250.7,
2/2/2023,250.5,
2/3/2023,249,
2/6/2023,256.5,
2/7/2023,252.5,
2/8/2023,251.3,
2/9/2023,253.2,
2/10/2023,251.9,
2/13/2023,255.7,
2/14/2023,261.2,
2/15/2023,257.7,
2/16/2023,257.7,
2/17/2023,258.4,
2/20/2023,253.1,
2/21/2023,257.9,
2/22/2023,257.8,
2/23/2023,255.8,
2/24/2023,257.7,
2/27/2023,265.8,262.7
2/28/2023,271.5,254
3/1/2023,272.5,
3/2/2023,264.4,
3/3/2023,271.2,
3/6/2023,262.7,
3/7/2023,263.8,
3/8/2023,268.4,
3/9/2023,273.6,
3/10/2023,267,
3/13/2023,274.5,
3/14/2023,271.7,255.1
3/15/2023,260.9,
3/16/2023,264.3,
3/17/2023,287.5,267.9
3/21/2023,268.6,261.7
3/22/2023,269.6,256.9
3/23/2023,272.7,
3/24/2023,262.6,262.2
3/27/2023,260,
3/28/2023,260.6,
3/29/2023,268.8,
3/30/2023,263.3,
3/31/2023,277.8,
4/3/2023,249.7,
4/4/2023,264.9,256.8
4/5/2023,251.2,
4/6/2023,254.8,
4/11/2023,264.8,253.9
4/12/2023,271,267.5
4/13/2023,277,258.1
4/17/2023,267.6,255.4
4/25/2023,272.6,252
4/26/2023,243.8,245.2
4/27/2023,246.5,238.3
4/28/2023,254.2,
5/2/2023,244.5,240.8
5/3/2023,263.8,249.5
5/4/2023,256.9,253.7
5/5/2023,237.6,243.4
5/8/2023,244.2,256.4
5/9/2023,259.8,267.9
5/10/2023,252.6,
5/11/2023,254.2,
5/12/2023,250.9,253.1
5/15/2023,242.8,243
5/16/2023,240.2,252.7
5/17/2023,282.9,258.5
5/18/2023,261.8,253.6
5/19/2023,254.6,
5/22/2023,263.2,
5/23/2023,254.8,255.8
5/24/2023,264.9,254.5
5/25/2023,269.6,262.9
5/26/2023,262.1,248.2
5/29/2023,254.5,
5/30/2023,257,
5/31/2023,250.8,247
6/2/2023,250.6,
6/5/2023,256.8,256.8
6/6/2023,252,257.6
6/7/2023,257.6,259.8
6/8/2023,281.1,
6/9/2023,260.5,253
6/12/2023,261.9,254.4
6/13/2023,257.7,256.4
6/14/2023,252.1,246.4
6/15/2023,250.9,
6/16/2023,253,251.9
6/19/2023,251.9,248.2
6/20/2023,251.9,
6/21/2023,252.5,
6/22/2023,250.4,
6/23/2023,255.8,
6/26/2023,255.5,254.8
6/27/2023,253.9,
6/29/2023,256.4,254.2
6/30/2023,253.2,248.3
7/3/2023,247.2,
7/4/2023,253.4,
7/5/2023,252.8,
7/6/2023,250.2,
7/7/2023,253.3,
7/10/2023,265.2,
7/11/2023,257.7,
7/13/2023,251.8,
7/14/2023,257.7,254.7
7/17/2023,246.4,
7/18/2023,247.6,
7/19/2023,241.8,
7/20/2023,252.4,
7/21/2023,241.2,235.3
7/24/2023,256.9,247
7/25/2023,259.4,248.7
7/26/2023,258.9,255.7
7/27/2023,262.1,252.1
7/28/2023,257.4,
7/31/2023,266.4,255.3
8/1/2023,262.3,256.9
8/2/2023,260.1,
8/3/2023,256.1,
8/4/2023,254.1,
8/7/2023,260.8,247.5
8/8/2023,250.8,
8/9/2023,247.4,
8/10/2023,253.7,256.6
8/11/2023,250,
8/14/2023,259,256
8/15/2023,262.4,257
8/16/2023,247.4,258.5
8/17/2023,256.6,
8/18/2023,270,258.2
8/21/2023,265.1,248
8/22/2023,264.9,258.4
8/23/2023,264.1,260.8
8/24/2023,265.2,259
8/25/2023,266.4,268
8/28/2023,253.5,
8/29/2023,253.4,
8/30/2023,250.1,
8/31/2023,256,
9/1/2023,264.4,256.8
9/4/2023,261.3,254.2
9/5/2023,266,
9/6/2023,263.8,249.3
9/7/2023,256.6,250.2
9/8/2023,253.6,
9/11/2023,257.7,247.2
9/12/2023,259.7,251.1
9/13/2023,251.5,
9/14/2023,266.9,257.7
9/15/2023,254.1,
9/18/2023,260.3,253.6
9/19/2023,266,266
9/20/2023,262.2,258.6
9/21/2023,262.6,261.2
9/22/2023,254.7,248.2
9/25/2023,257.8,246.8
9/26/2023,255.7,
9/27/2023,256.4,244.2
9/28/2023,259.1,251.8
9/29/2023,255.8,251.1
10/2/2023,252.3,263.4
10/3/2023,257.1,
10/4/2023,242.7,
10/5/2023,248.1,
10/6/2023,250.2,246.1
10/9/2023,252.9,
10/11/2023,253.5,250.2
10/12/2023,249,
10/13/2023,248.7,247.3
10/16/2023,258.3,246.2
10/17/2023,252.9,249.8
10/18/2023,257,248.1
10/19/2023,248.8,
10/23/2023,256.8,245.8
10/24/2023,253.1,
10/25/2023,253.7,256.9
10/26/2023,246.6,
10/27/2023,250.4,
10/30/2023,247.7,242.1
10/31/2023,246.8,243.6
11/1/2023,252.6,245.5
11/2/2023,239.4,
11/3/2023,242.6,
11/6/2023,238.8,236.7
11/7/2023,247.4,236.5
11/8/2023,242.8,
11/9/2023,249.1,236.2
11/10/2023,238.3,
11/14/2023,238.5,234.4
11/15/2023,238.3,
11/16/2023,232.9,
11/17/2023,235.8,
11/20/2023,234.7,
11/21/2023,239.3,235.1
11/22/2023,240.3,239.1
11/23/2023,240,236.4
11/24/2023,233.5,
11/27/2023,243.1,
11/28/2023,234.9,
11/29/2023,244.9,241.9
11/30/2023,241.1,
12/1/2023,241.3,235
12/4/2023,241,234.1
12/5/2023,238.4,231.9
12/6/2023,236.9,233.4
12/7/2023,235.1,
12/8/2023,236.7,
12/11/2023,240.3,
12/13/2023,240,234.4
12/14/2023,235.5,234.6
12/15/2023,234.5,
12/18/2023,242,
12/19/2023,242,232.6
12/20/2023,241.1,
12/21/2023,245.3,250.3
12/22/2023,245.1,244.6
12/27/2023,240.3,
12/28/2023,252.5,
12/29/2023,242.4,243.8
1/2/2024,237.5,237.7
1/3/2024,233.7,
1/4/2024,230.5,231.7
1/5/2024,250.4,
1/8/2024,235.3,238.2
1/9/2024,240.8,240.2
1/10/2024,235.7,231.6
1/11/2024,234.9,
1/12/2024,243,233.8
1/15/2024,229.1,227.4
1/16/2024,229.8,219.8
1/17/2024,226.6,
1/18/2024,228.2,
1/19/2024,234.2,
1/22/2024,236.1,234.5
1/23/2024,241,235.6
1/24/2024,240.8,
1/25/2024,234.3,233.9
1/26/2024,232.2,
1/29/2024,237.3,236.3
1/30/2024,231.8,
1/31/2024,225.8,231.9
2/1/2024,235.1,
2/2/2024,232.3,237.2
2/5/2024,237.7,
2/6/2024,235.6,231.6
2/7/2024,232.6,227.9
2/8/2024,231.8,224.3
2/9/2024,234.1,220
2/12/2024,229.4,
2/13/2024,234.5,
2/14/2024,241.8,225.3
2/15/2024,240.7,
2/16/2024,241.2,
2/19/2024,240.4,
2/20/2024,236.3,239.6
2/21/2024,240.4,236.9
2/22/2024,240.4,248.4
2/23/2024,243.7,240.3
2/26/2024,221.6,234.4
2/27/2024,248.4,237.2
2/28/2024,241.6,244.3
2/29/2024,234.5,
3/1/2024,245.5,235.3
3/4/2024,234.1,236.7
3/5/2024,243.9,
3/6/2024,234.8,232.8
3/7/2024,231.8,237.2
3/8/2024,233.7,234.4
3/11/2024,247.2,
3/12/2024,247.1,
3/13/2024,242.1,
3/14/2024,254.1,245.3
3/15/2024,245.5,251.4
3/18/2024,246,236.5
3/19/2024,252.1,
3/20/2024,252.6,
3/21/2024,251.4,
3/22/2024,257.3,
3/25/2024,254.6,240.6
3/26/2024,246.7,247.6
3/27/2024,253.9,252.1
3/28/2024,247.9,246.5
4/2/2024,235.5,
4/3/2024,235.8,233.3
4/4/2024,233.6,
4/5/2024,240.5,234.6
4/8/2024,247.1,249.7
4/9/2024,241.5,
4/11/2024,246.7,236.6
4/12/2024,249.8,238.5
4/15/2024,248.9,240.8
4/16/2024,251,242
4/17/2024,252.6,246.2
4/18/2024,255.7,
4/19/2024,244.5,239.3
4/22/2024,250.6,243.4
4/23/2024,250.1,246
4/24/2024,239.7,
4/25/2024,247.1,240.5
4/26/2024,241.8,
4/29/2024,248.2,241.9
4/30/2024,253.2,241.6
5/2/2024,243.9,237.4
5/3/2024,243.1,236.4
5/6/2024,247.7,
5/7/2024,243.2,
5/8/2024,240.6,
5/9/2024,241,
5/10/2024,258,248.4
5/13/2024,261.3,
5/14/2024,267.5,259.4
5/15/2024,254.8,254
5/16/2024,257.6,248.2
5/17/2024,251.4,245.8
5/20/2024,245.9,246.4
5/21/2024,249.3,241.2
5/22/2024,255.8,245.2
5/23/2024,253.1,247.3
5/24/2024,262.3,259.7
5/27/2024,262.2,
5/28/2024,263.6,260.3
5/29/2024,265.6,260.3
5/30/2024,264.3,254.3
5/31/2024,271.9,
6/3/2024,272.9,262
6/4/2024,272.6,
6/5/2024,272.4,256
6/6/2024,269.7,264
6/7/2024,265.7,259.7
6/10/2024,259.2,259.4
6/11/2024,262.7,260.2
6/12/2024,270.5,256.9
6/13/2024,270.2,259.8
6/14/2024,272.8,
6/18/2024,274.1,262
6/19/2024,269.3,256.7
6/20/2024,257.8,
6/21/2024,270.8,259.7
6/24/2024,276.1,253.9
6/25/2024,271.4,
6/26/2024,272.7,260.2
6/28/2024,279.2,265
7/1/2024,269.1,262.6
7/2/2024,266.6,
7/3/2024,266.7,256.5
7/4/2024,256.7,
7/5/2024,268.2,257.6
7/8/2024,261.2,248.3
7/9/2024,261.5,256.5
7/10/2024,259.2,
7/11/2024,272.2,263
7/12/2024,258.6,247
7/15/2024,258.9,254.6
7/16/2024,224.9,
7/17/2024,258.5,
7/18/2024,259.3,
7/19/2024,257.2,
7/22/2024,266.3,257.9
7/23/2024,268.3,262
7/24/2024,262.7,
7/25/2024,273.1,256.8
7/26/2024,257.9,259.2
7/29/2024,260,
7/30/2024,,
7/31/2024,,
